[
  {
    "siteName": "www.visithalfmoonbay.org",
    "mainUrl": {
      "url": "https://www.visithalfmoonbay.org/marry/",
      "file": "_marry.md"
    },
    "otherUrls": [
      {
        "url": "https://www.visithalfmoonbay.org/places/camerons-restaurant-and-pub/",
        "file": "_places_camerons-restaurant-and-pub.md"
      },
      {
        "url": "https://www.visithalfmoonbay.org/places/seal-cove/",
        "file": "_places_seal-cove.md"
      },
      {
        "url": "https://www.visithalfmoonbay.org/places/hometown-cornershop/",
        "file": "_places_hometown-cornershop.md"
      },
      {
        "url": "https://www.visithalfmoonbay.org/places/manhattan-beach/",
        "file": "_places_manhattan-beach.md"
      },
      {
        "url": "https://www.visithalfmoonbay.org/places/tides/",
        "file": "_places_tides.md"
      },
      {
        "url": "https://www.visithalfmoonbay.org/places/alma-bee/",
        "file": "_places_alma-bee.md"
      },
      {
        "url": "https://www.visithalfmoonbay.org/places/vinoteca/",
        "file": "_places_vinoteca.md"
      },
      {
        "url": "https://www.visithalfmoonbay.org/places/moss-beach-ranch/",
        "file": "_places_moss-beach-ranch.md"
      },
      {
        "url": "https://www.visithalfmoonbay.org/places/new-leaf-community-markets/",
        "file": "_places_new-leaf-community-markets.md"
      },
      {
        "url": "https://www.visithalfmoonbay.org/discover/bird-watching-bird-refuges-bird-sanctuaries",
        "file": "_discover_bird-watching-bird-refuges-bird-sanctuaries.md"
      },
      {
        "url": "https://www.visithalfmoonbay.org/buy-crab",
        "file": "_buy-crab.md"
      },
      {
        "url": "https://www.visithalfmoonbay.org/places/evangeline-cuisine/",
        "file": "_places_evangeline-cuisine.md"
      },
      {
        "url": "https://www.visithalfmoonbay.org/family-friendly-activities/",
        "file": "_family-friendly-activities.md"
      },
      {
        "url": "https://www.visithalfmoonbay.org/places/gulino-gelato/",
        "file": "_places_gulino-gelato.md"
      },
      {
        "url": "https://www.visithalfmoonbay.org/events/safeway-world-championship-pumpkin-weigh-0",
        "file": "_events_safeway-world-championship-pumpkin-weigh-0.md"
      },
      {
        "url": "https://www.visithalfmoonbay.org/events/half-moon-bay-wine-jazz-festival/",
        "file": "_events_half-moon-bay-wine-jazz-festival.md"
      },
      {
        "url": "https://www.visithalfmoonbay.org/places/barterra-winery/",
        "file": "_places_barterra-winery.md"
      },
      {
        "url": "https://www.visithalfmoonbay.org/stay/articles/make-weekdays-your-new-weekend-choose-six-hotels-offering-perfect-mix-work-play",
        "file": "_stay_articles_make-weekdays-your-new-weekend-choose-six-hotels-offering-perfect-mix-work-play.md"
      },
      {
        "url": "https://www.visithalfmoonbay.org/places/pomponio-state-beach/",
        "file": "_places_pomponio-state-beach.md"
      },
      {
        "url": "https://www.visithalfmoonbay.org/places/bach-dancing-dynamite-society/",
        "file": "_places_bach-dancing-dynamite-society.md"
      },
      {
        "url": "https://www.visithalfmoonbay.org/stay/mill-rose-inn/",
        "file": "_stay_mill-rose-inn.md"
      },
      {
        "url": "https://www.visithalfmoonbay.org/places/farmer-johns-pumpkin-farm/",
        "file": "_places_farmer-johns-pumpkin-farm.md"
      },
      {
        "url": "https://www.visithalfmoonbay.org/places/moonside-bakery-and-cafe/",
        "file": "_places_moonside-bakery-and-cafe.md"
      },
      {
        "url": "https://www.visithalfmoonbay.org/discover/horseback-riding",
        "file": "_discover_horseback-riding.md"
      },
      {
        "url": "https://www.visithalfmoonbay.org/places/monsoon-himalayan-cuisine/",
        "file": "_places_monsoon-himalayan-cuisine.md"
      },
      {
        "url": "https://www.visithalfmoonbay.org/places/rancho-siempre-verde/",
        "file": "_places_rancho-siempre-verde.md"
      },
      {
        "url": "https://www.visithalfmoonbay.org/stay/beach-house-hotel-half-moon-bay",
        "file": "_stay_beach-house-hotel-half-moon-bay.md"
      },
      {
        "url": "https://www.visithalfmoonbay.org/bay-area-christmas-tree-farms",
        "file": "_bay-area-christmas-tree-farms.md"
      },
      {
        "url": "https://www.visithalfmoonbay.org/places/kelly-mumford-gallery/",
        "file": "_places_kelly-mumford-gallery.md"
      },
      {
        "url": "https://www.visithalfmoonbay.org/events/make-it-main-street/",
        "file": "_events_make-it-main-street.md"
      },
      {
        "url": "https://www.visithalfmoonbay.org/places/category/pizza/",
        "file": "_places_category_pizza.md"
      },
      {
        "url": "https://www.visithalfmoonbay.org/cdn-cgi/l/email-protection",
        "file": "_cdn-cgi_l_email-protection.md"
      },
      {
        "url": "https://www.visithalfmoonbay.org/places/moss-beach-distillery/",
        "file": "_places_moss-beach-distillery.md"
      },
      {
        "url": "https://www.visithalfmoonbay.org/places/the-ritz-carlton-spa-half-moon-bay/",
        "file": "_places_the-ritz-carlton-spa-half-moon-bay.md"
      },
      {
        "url": "https://www.visithalfmoonbay.org/places/half-moon-bay-joes/",
        "file": "_places_half-moon-bay-joes.md"
      },
      {
        "url": "https://www.visithalfmoonbay.org/places/tunitas-creek-beach/",
        "file": "_places_tunitas-creek-beach.md"
      },
      {
        "url": "https://www.visithalfmoonbay.org/places/your-moms-haus/",
        "file": "_places_your-moms-haus.md"
      },
      {
        "url": "https://www.visithalfmoonbay.org/places/devils-slide-trail/",
        "file": "_places_devils-slide-trail.md"
      },
      {
        "url": "https://www.visithalfmoonbay.org/places/breakwater-barbecue/",
        "file": "_places_breakwater-barbecue.md"
      },
      {
        "url": "https://www.visithalfmoonbay.org/places/mezza-luna-italian-restaurant/",
        "file": "_places_mezza-luna-italian-restaurant.md"
      },
      {
        "url": "https://www.visithalfmoonbay.org/places/mooch-better-fishing/",
        "file": "_places_mooch-better-fishing.md"
      },
      {
        "url": "https://www.visithalfmoonbay.org/discover/art-galleries",
        "file": "_discover_art-galleries.md"
      },
      {
        "url": "https://www.visithalfmoonbay.org/places/seascapes-garden-center/",
        "file": "_places_seascapes-garden-center.md"
      },
      {
        "url": "https://www.visithalfmoonbay.org/stay/beach-house-hotel-half-moon-bay/",
        "file": "_stay_beach-house-hotel-half-moon-bay.md"
      },
      {
        "url": "https://www.visithalfmoonbay.org/places/taqueria-el-timon/",
        "file": "_places_taqueria-el-timon.md"
      },
      {
        "url": "https://www.visithalfmoonbay.org/places/crows-nest",
        "file": "_places_crows-nest.md"
      },
      {
        "url": "https://www.visithalfmoonbay.org/places/coastal-repertory-theatre/",
        "file": "_places_coastal-repertory-theatre.md"
      },
      {
        "url": "https://www.visithalfmoonbay.org/places/half-moon-bay-visitor-center/",
        "file": "_places_half-moon-bay-visitor-center.md"
      },
      {
        "url": "https://www.visithalfmoonbay.org/places/cowell-ranch-state-beach/",
        "file": "_places_cowell-ranch-state-beach.md"
      },
      {
        "url": "https://www.visithalfmoonbay.org/places/spanishtown-mexican-restaurant/",
        "file": "_places_spanishtown-mexican-restaurant.md"
      },
      {
        "url": "https://www.visithalfmoonbay.org/places/the-conservatory-lounge-at-the-ritz-carlton-half-moon-bay/",
        "file": "_places_the-conservatory-lounge-at-the-ritz-carlton-half-moon-bay.md"
      },
      {
        "url": "https://www.visithalfmoonbay.org/places/garden-deli-cafe-san-benito-house/",
        "file": "_places_garden-deli-cafe-san-benito-house.md"
      },
      {
        "url": "https://www.visithalfmoonbay.org/events",
        "file": "_events.md"
      },
      {
        "url": "https://www.visithalfmoonbay.org/places/tides",
        "file": "_places_tides.md"
      },
      {
        "url": "https://www.visithalfmoonbay.org/places/taste-cafe/",
        "file": "_places_taste-cafe.md"
      },
      {
        "url": "https://www.visithalfmoonbay.org/articles/pillar-point-harbor-offering-taste-new-england",
        "file": "_articles_pillar-point-harbor-offering-taste-new-england.md"
      },
      {
        "url": "https://www.visithalfmoonbay.org/events/half-moon-bay-art-pumpkin-festival",
        "file": "_events_half-moon-bay-art-pumpkin-festival.md"
      },
      {
        "url": "https://www.visithalfmoonbay.org/places/pigeon-point-light-station-state-park/",
        "file": "_places_pigeon-point-light-station-state-park.md"
      },
      {
        "url": "https://www.visithalfmoonbay.org/stay",
        "file": "_stay.md"
      },
      {
        "url": "https://www.visithalfmoonbay.org/stay/half-moon-bay-lodge/",
        "file": "_stay_half-moon-bay-lodge.md"
      },
      {
        "url": "https://www.visithalfmoonbay.org/places/by-the-teashore/",
        "file": "_places_by-the-teashore.md"
      },
      {
        "url": "https://www.visithalfmoonbay.org/places/dads-luncheonette/",
        "file": "_places_dads-luncheonette.md"
      },
      {
        "url": "https://www.visithalfmoonbay.org/places/bike-works/",
        "file": "_places_bike-works.md"
      },
      {
        "url": "https://www.visithalfmoonbay.org/events/",
        "file": "_events.md"
      },
      {
        "url": "https://www.visithalfmoonbay.org/stay/ocean-view-inn/",
        "file": "_stay_ocean-view-inn.md"
      },
      {
        "url": "https://www.visithalfmoonbay.org/places/james-johnston-house/",
        "file": "_places_james-johnston-house.md"
      },
      {
        "url": "https://www.visithalfmoonbay.org/articles/ano-nuevo-state-park-explore-natural-wonders",
        "file": "_articles_ano-nuevo-state-park-explore-natural-wonders.md"
      },
      {
        "url": "https://www.visithalfmoonbay.org/places/half-moon-bay-nursery/",
        "file": "_places_half-moon-bay-nursery.md"
      },
      {
        "url": "https://www.visithalfmoonbay.org/places/saviz-boutique/",
        "file": "_places_saviz-boutique.md"
      },
      {
        "url": "https://www.visithalfmoonbay.org/places/memorial-park/",
        "file": "_places_memorial-park.md"
      },
      {
        "url": "https://www.visithalfmoonbay.org/places/category/coffee-shops/",
        "file": "_places_category_coffee-shops.md"
      },
      {
        "url": "https://www.visithalfmoonbay.org/discover/half-moon-bay-state-beach",
        "file": "_discover_half-moon-bay-state-beach.md"
      },
      {
        "url": "https://www.visithalfmoonbay.org/places/m-stark-gallery/",
        "file": "_places_m-stark-gallery.md"
      },
      {
        "url": "https://www.visithalfmoonbay.org/places/dawn-patrol-coffee/",
        "file": "_places_dawn-patrol-coffee.md"
      },
      {
        "url": "https://www.visithalfmoonbay.org/places/ink-spell-books/",
        "file": "_places_ink-spell-books.md"
      },
      {
        "url": "https://www.visithalfmoonbay.org/places/personal-fx/",
        "file": "_places_personal-fx.md"
      },
      {
        "url": "https://www.visithalfmoonbay.org/places/ketch-harbor-pub/",
        "file": "_places_ketch-harbor-pub.md"
      },
      {
        "url": "https://www.visithalfmoonbay.org/places/pillar-point-marsh/",
        "file": "_places_pillar-point-marsh.md"
      },
      {
        "url": "https://www.visithalfmoonbay.org/discover/articles/christmas-trees-half-moon-bay-finding-perfect-tree",
        "file": "_discover_articles_christmas-trees-half-moon-bay-finding-perfect-tree.md"
      },
      {
        "url": "https://www.visithalfmoonbay.org/places/fog-town-toys/",
        "file": "_places_fog-town-toys.md"
      },
      {
        "url": "https://www.visithalfmoonbay.org/places/vessel-vintage/",
        "file": "_places_vessel-vintage.md"
      },
      {
        "url": "https://www.visithalfmoonbay.org/places/earth-impact/",
        "file": "_places_earth-impact.md"
      },
      {
        "url": "https://www.visithalfmoonbay.org/forgot/",
        "file": "_forgot.md"
      },
      {
        "url": "https://www.visithalfmoonbay.org/places/oceano-hotel-and-spa/",
        "file": "_places_oceano-hotel-and-spa.md"
      },
      {
        "url": "https://www.visithalfmoonbay.org/places/alices-restaurant/",
        "file": "_places_alices-restaurant.md"
      },
      {
        "url": "https://www.visithalfmoonbay.org/places/mullins-bar-and-grill/",
        "file": "_places_mullins-bar-and-grill.md"
      },
      {
        "url": "https://www.visithalfmoonbay.org/places/pearl/",
        "file": "_places_pearl.md"
      },
      {
        "url": "https://www.visithalfmoonbay.org/places/new-captain-pete/",
        "file": "_places_new-captain-pete.md"
      },
      {
        "url": "https://www.visithalfmoonbay.org/places/category/american/",
        "file": "_places_category_american.md"
      },
      {
        "url": "https://www.visithalfmoonbay.org/places/mirada-art/",
        "file": "_places_mirada-art.md"
      },
      {
        "url": "https://www.visithalfmoonbay.org/places/nasturtium-art-of-living/",
        "file": "_places_nasturtium-art-of-living.md"
      },
      {
        "url": "https://www.visithalfmoonbay.org/",
        "file": "index.md"
      },
      {
        "url": "https://www.visithalfmoonbay.org/places/half-moon-bay-food-walking-tour/",
        "file": "_places_half-moon-bay-food-walking-tour.md"
      },
      {
        "url": "https://www.visithalfmoonbay.org/places/nanos-ohana-cafe/",
        "file": "_places_nanos-ohana-cafe.md"
      },
      {
        "url": "https://www.visithalfmoonbay.org/places/cruiser-lifestyle-clothing/",
        "file": "_places_cruiser-lifestyle-clothing.md"
      },
      {
        "url": "https://www.visithalfmoonbay.org/places/fish-wife-sweets/",
        "file": "_places_fish-wife-sweets.md"
      },
      {
        "url": "https://www.visithalfmoonbay.org/stay/cypress-inn-miramar-beach/",
        "file": "_stay_cypress-inn-miramar-beach.md"
      },
      {
        "url": "https://www.visithalfmoonbay.org/places/repettos-nursery/",
        "file": "_places_repettos-nursery.md"
      },
      {
        "url": "https://www.visithalfmoonbay.org/places/old-princeton-landing-public-house-and-grill/",
        "file": "_places_old-princeton-landing-public-house-and-grill.md"
      },
      {
        "url": "https://www.visithalfmoonbay.org/places/rebyl-coffee-food/",
        "file": "_places_rebyl-coffee-food.md"
      },
      {
        "url": "https://www.visithalfmoonbay.org/places/miwok-gallery/",
        "file": "_places_miwok-gallery.md"
      },
      {
        "url": "https://www.visithalfmoonbay.org/places/dunes-beach/",
        "file": "_places_dunes-beach.md"
      },
      {
        "url": "https://www.visithalfmoonbay.org/eat/",
        "file": "_eat.md"
      },
      {
        "url": "https://www.visithalfmoonbay.org/places/half-moon-bay-wine-cheese-company/",
        "file": "_places_half-moon-bay-wine-cheese-company.md"
      },
      {
        "url": "https://www.visithalfmoonbay.org/events/night-lights",
        "file": "_events_night-lights.md"
      },
      {
        "url": "https://www.visithalfmoonbay.org/places/surfers-beach/",
        "file": "_places_surfers-beach.md"
      },
      {
        "url": "https://www.visithalfmoonbay.org/places/ankeny-street-sportfishing/",
        "file": "_places_ankeny-street-sportfishing.md"
      },
      {
        "url": "https://www.visithalfmoonbay.org/places/oceano-coastal-spa/",
        "file": "_places_oceano-coastal-spa.md"
      },
      {
        "url": "https://www.visithalfmoonbay.org/places/mavericks-surf-company/",
        "file": "_places_mavericks-surf-company.md"
      },
      {
        "url": "https://www.visithalfmoonbay.org/articles/half-moon-bay-golf-links-bucket-list-golf-half-moon-bay-coastside",
        "file": "_articles_half-moon-bay-golf-links-bucket-list-golf-half-moon-bay-coastside.md"
      },
      {
        "url": "https://www.visithalfmoonbay.org/articles/pumpkin-festival-2019-best-annual-event-town",
        "file": "_articles_pumpkin-festival-2019-best-annual-event-town.md"
      },
      {
        "url": "https://www.visithalfmoonbay.org/places/cafe-society/",
        "file": "_places_cafe-society.md"
      },
      {
        "url": "https://www.visithalfmoonbay.org/articles/half-moon-bay-trail-guide-hiking-and-biking-coastside",
        "file": "_articles_half-moon-bay-trail-guide-hiking-and-biking-coastside.md"
      },
      {
        "url": "https://www.visithalfmoonbay.org/places/shoreline-station/",
        "file": "_places_shoreline-station.md"
      },
      {
        "url": "https://www.visithalfmoonbay.org/places/category/bakeries/",
        "file": "_places_category_bakeries.md"
      },
      {
        "url": "https://www.visithalfmoonbay.org/places/mcdonalds-of-hmb/",
        "file": "_places_mcdonalds-of-hmb.md"
      },
      {
        "url": "https://www.visithalfmoonbay.org/stay/half-moon-bay-inn/",
        "file": "_stay_half-moon-bay-inn.md"
      },
      {
        "url": "https://www.visithalfmoonbay.org/discover/sportfishing-whalewatching-charters",
        "file": "_discover_sportfishing-whalewatching-charters.md"
      },
      {
        "url": "https://www.visithalfmoonbay.org/places/historic-train-depot/",
        "file": "_places_historic-train-depot.md"
      },
      {
        "url": "https://www.visithalfmoonbay.org/places/tokenz/",
        "file": "_places_tokenz.md"
      },
      {
        "url": "https://www.visithalfmoonbay.org/places/half-moon-bay-bakery/",
        "file": "_places_half-moon-bay-bakery.md"
      },
      {
        "url": "https://www.visithalfmoonbay.org/shop",
        "file": "_shop.md"
      },
      {
        "url": "https://www.visithalfmoonbay.org/places/poplar-beach/",
        "file": "_places_poplar-beach.md"
      },
      {
        "url": "https://www.visithalfmoonbay.org/places/p-cottontail-co/",
        "file": "_places_p-cottontail-co.md"
      },
      {
        "url": "https://www.visithalfmoonbay.org/places/category/spanish/",
        "file": "_places_category_spanish.md"
      },
      {
        "url": "https://www.visithalfmoonbay.org/places/granolas-coffee-house/",
        "file": "_places_granolas-coffee-house.md"
      },
      {
        "url": "https://www.visithalfmoonbay.org/places/gourmet-appliance/",
        "file": "_places_gourmet-appliance.md"
      },
      {
        "url": "https://www.visithalfmoonbay.org/places/the-posh-moon/",
        "file": "_places_the-posh-moon.md"
      },
      {
        "url": "https://www.visithalfmoonbay.org/places/the-robins-noel/",
        "file": "_places_the-robins-noel.md"
      },
      {
        "url": "https://www.visithalfmoonbay.org/places/trojak-knier-winery/",
        "file": "_places_trojak-knier-winery.md"
      },
      {
        "url": "https://www.visithalfmoonbay.org/places/roosevelt-beach/",
        "file": "_places_roosevelt-beach.md"
      },
      {
        "url": "https://www.visithalfmoonbay.org/downtown/parking-half-moon-bay",
        "file": "_downtown_parking-half-moon-bay.md"
      },
      {
        "url": "https://www.visithalfmoonbay.org/places/half-moon-bay-salt-water-taffy-co/",
        "file": "_places_half-moon-bay-salt-water-taffy-co.md"
      },
      {
        "url": "https://www.visithalfmoonbay.org/places/half-moon-bay-coffee-company/",
        "file": "_places_half-moon-bay-coffee-company.md"
      },
      {
        "url": "https://www.visithalfmoonbay.org/places/alpresso-coffee/",
        "file": "_places_alpresso-coffee.md"
      },
      {
        "url": "https://www.visithalfmoonbay.org/events/mimi-fox-organ-trio/",
        "file": "_events_mimi-fox-organ-trio.md"
      },
      {
        "url": "https://www.visithalfmoonbay.org/places/home-town-mercantile/",
        "file": "_places_home-town-mercantile.md"
      },
      {
        "url": "https://www.visithalfmoonbay.org/places/peets-coffee/",
        "file": "_places_peets-coffee.md"
      },
      {
        "url": "https://www.visithalfmoonbay.org/stay/inn-mavericks/",
        "file": "_stay_inn-mavericks.md"
      },
      {
        "url": "https://www.visithalfmoonbay.org/places/hayashi-sushi/",
        "file": "_places_hayashi-sushi.md"
      },
      {
        "url": "https://www.visithalfmoonbay.org/places/barbaras-fish-trap/",
        "file": "_places_barbaras-fish-trap.md"
      },
      {
        "url": "https://www.visithalfmoonbay.org/stay/ocean-view-inn",
        "file": "_stay_ocean-view-inn.md"
      },
      {
        "url": "https://www.visithalfmoonbay.org/places/shiki-japanese-cuisine/",
        "file": "_places_shiki-japanese-cuisine.md"
      },
      {
        "url": "https://www.visithalfmoonbay.org/places/california-coastal-trail/",
        "file": "_places_california-coastal-trail.md"
      },
      {
        "url": "https://www.visithalfmoonbay.org/discover/beaches-parks",
        "file": "_discover_beaches-parks.md"
      },
      {
        "url": "https://www.visithalfmoonbay.org/events/pacific-coast-dream-machines/",
        "file": "_events_pacific-coast-dream-machines.md"
      },
      {
        "url": "https://www.visithalfmoonbay.org/places/gray-whale-cove-state-beach/",
        "file": "_places_gray-whale-cove-state-beach.md"
      },
      {
        "url": "https://www.visithalfmoonbay.org/ocean-safety/",
        "file": "_ocean-safety.md"
      },
      {
        "url": "https://www.visithalfmoonbay.org/places/andreotti-family-farms/",
        "file": "_places_andreotti-family-farms.md"
      },
      {
        "url": "https://www.visithalfmoonbay.org/places/redondo-beach/",
        "file": "_places_redondo-beach.md"
      },
      {
        "url": "https://www.visithalfmoonbay.org/places/lamas-peruvian-and-mexican-cuisine/",
        "file": "_places_lamas-peruvian-and-mexican-cuisine.md"
      },
      {
        "url": "https://www.visithalfmoonbay.org/places/sam-mcdonald-park/",
        "file": "_places_sam-mcdonald-park.md"
      },
      {
        "url": "https://www.visithalfmoonbay.org/places/surf-factory-31/",
        "file": "_places_surf-factory-31.md"
      },
      {
        "url": "https://www.visithalfmoonbay.org/events/first-fridays-art-on-main/",
        "file": "_events_first-fridays-art-on-main.md"
      },
      {
        "url": "https://www.visithalfmoonbay.org/places/category/mediterranean/",
        "file": "_places_category_mediterranean.md"
      },
      {
        "url": "https://www.visithalfmoonbay.org/places/lemos-farm/",
        "file": "_places_lemos-farm.md"
      },
      {
        "url": "https://www.visithalfmoonbay.org/media-library",
        "file": "_media-library.md"
      },
      {
        "url": "https://www.visithalfmoonbay.org/downtown",
        "file": "_downtown.md"
      },
      {
        "url": "https://www.visithalfmoonbay.org/places/luzluna-imports/",
        "file": "_places_luzluna-imports.md"
      },
      {
        "url": "https://www.visithalfmoonbay.org/places/pelagic-fish-market/",
        "file": "_places_pelagic-fish-market.md"
      },
      {
        "url": "https://www.visithalfmoonbay.org/events/roger-glenn-my-latin-heart/",
        "file": "_events_roger-glenn-my-latin-heart.md"
      },
      {
        "url": "https://www.visithalfmoonbay.org/places/fishermans-taverna/",
        "file": "_places_fishermans-taverna.md"
      },
      {
        "url": "https://www.visithalfmoonbay.org/places/ides-hall/",
        "file": "_places_ides-hall.md"
      },
      {
        "url": "https://www.visithalfmoonbay.org/places/long-branch-farms/",
        "file": "_places_long-branch-farms.md"
      },
      {
        "url": "https://www.visithalfmoonbay.org/places/montara-state-beach/",
        "file": "_places_montara-state-beach.md"
      },
      {
        "url": "https://www.visithalfmoonbay.org/places/silk-stone-gallery/",
        "file": "_places_silk-stone-gallery.md"
      },
      {
        "url": "https://www.visithalfmoonbay.org/places/coast-cards/",
        "file": "_places_coast-cards.md"
      },
      {
        "url": "https://www.visithalfmoonbay.org/login/",
        "file": "_login.md"
      },
      {
        "url": "https://www.visithalfmoonbay.org/articles/6-spirited-pumpkin-patches-half-moon-bay-ditch-supermarket-these-charming-country-patches",
        "file": "_articles_6-spirited-pumpkin-patches-half-moon-bay-ditch-supermarket-these-charming-country-patches.md"
      },
      {
        "url": "https://www.visithalfmoonbay.org/places/surf-factory/",
        "file": "_places_surf-factory.md"
      },
      {
        "url": "https://www.visithalfmoonbay.org/articles/devils-slide-trail-rails-trails",
        "file": "_articles_devils-slide-trail-rails-trails.md"
      },
      {
        "url": "https://www.visithalfmoonbay.org/places/india-beach/",
        "file": "_places_india-beach.md"
      },
      {
        "url": "https://www.visithalfmoonbay.org/places/half-moon-bay-charm-price-store/",
        "file": "_places_half-moon-bay-charm-price-store.md"
      },
      {
        "url": "https://www.visithalfmoonbay.org/places/riptide-charters/",
        "file": "_places_riptide-charters.md"
      },
      {
        "url": "https://www.visithalfmoonbay.org/places/half-moon-bay-sportfishing-and-tackle/",
        "file": "_places_half-moon-bay-sportfishing-and-tackle.md"
      },
      {
        "url": "https://www.visithalfmoonbay.org/places/venice-beach/",
        "file": "_places_venice-beach.md"
      },
      {
        "url": "https://www.visithalfmoonbay.org/places/half-moon-bay-library-community-room/",
        "file": "_places_half-moon-bay-library-community-room.md"
      },
      {
        "url": "https://www.visithalfmoonbay.org/places/pescadero-state-beach/",
        "file": "_places_pescadero-state-beach.md"
      },
      {
        "url": "https://www.visithalfmoonbay.org/events/monthly-book-sale-at-half-moon-bay-library/",
        "file": "_events_monthly-book-sale-at-half-moon-bay-library.md"
      },
      {
        "url": "https://www.visithalfmoonbay.org/places/pilot-light-cafe/",
        "file": "_places_pilot-light-cafe.md"
      },
      {
        "url": "https://www.visithalfmoonbay.org/add-listing/events/",
        "file": "_add-listing_events.md"
      },
      {
        "url": "https://www.visithalfmoonbay.org/stay/half-moon-bay-inn",
        "file": "_stay_half-moon-bay-inn.md"
      },
      {
        "url": "https://www.visithalfmoonbay.org/discover/tide-pools",
        "file": "_discover_tide-pools.md"
      },
      {
        "url": "https://www.visithalfmoonbay.org/places/spanglers-market/",
        "file": "_places_spanglers-market.md"
      },
      {
        "url": "https://www.visithalfmoonbay.org/places/north-beach-pizza",
        "file": "_places_north-beach-pizza.md"
      },
      {
        "url": "https://www.visithalfmoonbay.org/places/category/mexican/",
        "file": "_places_category_mexican.md"
      },
      {
        "url": "https://www.visithalfmoonbay.org/events/jonathan-barber-vision-ahead/",
        "file": "_events_jonathan-barber-vision-ahead.md"
      },
      {
        "url": "https://www.visithalfmoonbay.org/places/santas-tree-farm-and-village/",
        "file": "_places_santas-tree-farm-and-village.md"
      },
      {
        "url": "https://www.visithalfmoonbay.org/articles/through-redwoods-scenic-drive",
        "file": "_articles_through-redwoods-scenic-drive.md"
      },
      {
        "url": "https://www.visithalfmoonbay.org/events/m-stark-gallery-presents-cara-kozik-destination-superbloom/",
        "file": "_events_m-stark-gallery-presents-cara-kozik-destination-superbloom.md"
      },
      {
        "url": "https://www.visithalfmoonbay.org/places/the-paper-crane/",
        "file": "_places_the-paper-crane.md"
      },
      {
        "url": "https://www.visithalfmoonbay.org/places/category/peruvian/",
        "file": "_places_category_peruvian.md"
      },
      {
        "url": "https://www.visithalfmoonbay.org/places/alena-jean-flower-shop-nursery/",
        "file": "_places_alena-jean-flower-shop-nursery.md"
      },
      {
        "url": "https://www.visithalfmoonbay.org/articles/legacy-farming-two-centuries-coastside-agriculture",
        "file": "_articles_legacy-farming-two-centuries-coastside-agriculture.md"
      },
      {
        "url": "https://www.visithalfmoonbay.org/places/firewok/",
        "file": "_places_firewok.md"
      },
      {
        "url": "https://www.visithalfmoonbay.org/events/mavericks-awards/",
        "file": "_events_mavericks-awards.md"
      },
      {
        "url": "https://www.visithalfmoonbay.org/places/sea-horse-ranch/",
        "file": "_places_sea-horse-ranch.md"
      },
      {
        "url": "https://www.visithalfmoonbay.org/stay/oceano-hotel-spa",
        "file": "_stay_oceano-hotel-spa.md"
      },
      {
        "url": "https://www.visithalfmoonbay.org/articles/mavericks-biggest-surf-west-coast",
        "file": "_articles_mavericks-biggest-surf-west-coast.md"
      },
      {
        "url": "https://www.visithalfmoonbay.org/articles/fitzgerald-marine-reserve-rich-and-delicate-ecosystem",
        "file": "_articles_fitzgerald-marine-reserve-rich-and-delicate-ecosystem.md"
      },
      {
        "url": "https://www.visithalfmoonbay.org/places/category/italian/",
        "file": "_places_category_italian.md"
      },
      {
        "url": "https://www.visithalfmoonbay.org/discover/spas-wellness",
        "file": "_discover_spas-wellness.md"
      },
      {
        "url": "https://www.visithalfmoonbay.org/places/wild-wes-saltwater-sportfishing/",
        "file": "_places_wild-wes-saltwater-sportfishing.md"
      },
      {
        "url": "https://www.visithalfmoonbay.org/places/queen-of-hearts-sportfishing/",
        "file": "_places_queen-of-hearts-sportfishing.md"
      },
      {
        "url": "https://www.visithalfmoonbay.org/places/sams-chowder-house/",
        "file": "_places_sams-chowder-house.md"
      },
      {
        "url": "https://www.visithalfmoonbay.org/places/4-cs-christmas-tree-farm/",
        "file": "_places_4-cs-christmas-tree-farm.md"
      },
      {
        "url": "https://www.visithalfmoonbay.org/places/ano-nuevo-state-park/",
        "file": "_places_ano-nuevo-state-park.md"
      },
      {
        "url": "https://www.visithalfmoonbay.org/places/rocket-farms/",
        "file": "_places_rocket-farms.md"
      },
      {
        "url": "https://www.visithalfmoonbay.org/places/pastorino-farms/",
        "file": "_places_pastorino-farms.md"
      },
      {
        "url": "https://www.visithalfmoonbay.org/places/ciya-mediterranean-cuisine/",
        "file": "_places_ciya-mediterranean-cuisine.md"
      },
      {
        "url": "https://www.visithalfmoonbay.org/places/hangetsu-sushi/",
        "file": "_places_hangetsu-sushi.md"
      },
      {
        "url": "https://www.visithalfmoonbay.org/places/straight-wheel-cycling/",
        "file": "_places_straight-wheel-cycling.md"
      },
      {
        "url": "https://www.visithalfmoonbay.org/discover/parks",
        "file": "_discover_parks.md"
      },
      {
        "url": "https://www.visithalfmoonbay.org/places/navio-at-the-ritz-carlton-half-moon-bay/",
        "file": "_places_navio-at-the-ritz-carlton-half-moon-bay.md"
      },
      {
        "url": "https://www.visithalfmoonbay.org/places/john-l-carter-park/",
        "file": "_places_john-l-carter-park.md"
      },
      {
        "url": "https://www.visithalfmoonbay.org/places/cunhas-country-store",
        "file": "_places_cunhas-country-store.md"
      },
      {
        "url": "https://www.visithalfmoonbay.org/stay/aristocrat-hotel-bw-signature-collection/",
        "file": "_stay_aristocrat-hotel-bw-signature-collection.md"
      },
      {
        "url": "https://www.visithalfmoonbay.org/stay/san-benito-house/",
        "file": "_stay_san-benito-house.md"
      },
      {
        "url": "https://www.visithalfmoonbay.org/places/san-gregorio-state-beach/",
        "file": "_places_san-gregorio-state-beach.md"
      },
      {
        "url": "https://www.visithalfmoonbay.org/places/half-moon-bay-brewing-company/",
        "file": "_places_half-moon-bay-brewing-company.md"
      },
      {
        "url": "https://www.visithalfmoonbay.org/places/odd-fellows-hall/",
        "file": "_places_odd-fellows-hall.md"
      },
      {
        "url": "https://www.visithalfmoonbay.org/places/flora-fauna/",
        "file": "_places_flora-fauna.md"
      },
      {
        "url": "https://www.visithalfmoonbay.org",
        "file": "index.md"
      },
      {
        "url": "https://www.visithalfmoonbay.org/places/downtown-local/",
        "file": "_places_downtown-local.md"
      },
      {
        "url": "https://www.visithalfmoonbay.org/places/pescadero-marsh/",
        "file": "_places_pescadero-marsh.md"
      },
      {
        "url": "https://www.visithalfmoonbay.org/events/m-stark-gallery-presents-adriene-busch-of-water/",
        "file": "_events_m-stark-gallery-presents-adriene-busch-of-water.md"
      },
      {
        "url": "https://www.visithalfmoonbay.org/places/sweet-55/",
        "file": "_places_sweet-55.md"
      },
      {
        "url": "https://www.visithalfmoonbay.org/stay/nantucket-whale-inn",
        "file": "_stay_nantucket-whale-inn.md"
      },
      {
        "url": "https://www.visithalfmoonbay.org/places/san-gregorio-general-store/",
        "file": "_places_san-gregorio-general-store.md"
      },
      {
        "url": "https://www.visithalfmoonbay.org/places/vessel-vintage",
        "file": "_places_vessel-vintage.md"
      },
      {
        "url": "https://www.visithalfmoonbay.org/places/category/sweets-and-desserts/",
        "file": "_places_category_sweets-and-desserts.md"
      },
      {
        "url": "https://www.visithalfmoonbay.org/places/butano-state-park/",
        "file": "_places_butano-state-park.md"
      },
      {
        "url": "https://www.visithalfmoonbay.org/places/gherkins-sandwich-shop/",
        "file": "_places_gherkins-sandwich-shop.md"
      },
      {
        "url": "https://www.visithalfmoonbay.org/places/cantina-san-benito-house/",
        "file": "_places_cantina-san-benito-house.md"
      },
      {
        "url": "https://www.visithalfmoonbay.org/places/kings-mountain-firehouse-and-community-center/",
        "file": "_places_kings-mountain-firehouse-and-community-center.md"
      },
      {
        "url": "https://www.visithalfmoonbay.org/places/la-nebbia-winery/",
        "file": "_places_la-nebbia-winery.md"
      },
      {
        "url": "https://www.visithalfmoonbay.org/places/category/thai/",
        "file": "_places_category_thai.md"
      },
      {
        "url": "https://www.visithalfmoonbay.org/places/the-barn/",
        "file": "_places_the-barn.md"
      },
      {
        "url": "https://www.visithalfmoonbay.org/places/johnnys/",
        "file": "_places_johnnys.md"
      },
      {
        "url": "https://www.visithalfmoonbay.org/events/coastside-farmers-market",
        "file": "_events_coastside-farmers-market.md"
      },
      {
        "url": "https://www.visithalfmoonbay.org/places/el-granada-hardware-cafe/",
        "file": "_places_el-granada-hardware-cafe.md"
      },
      {
        "url": "https://www.visithalfmoonbay.org/places/oceanciders/",
        "file": "_places_oceanciders.md"
      },
      {
        "url": "https://www.visithalfmoonbay.org/places/ocean-blue-vault/",
        "file": "_places_ocean-blue-vault.md"
      },
      {
        "url": "https://www.visithalfmoonbay.org/places/la-costanera/",
        "file": "_places_la-costanera.md"
      },
      {
        "url": "https://www.visithalfmoonbay.org/places/its-italia/",
        "file": "_places_its-italia.md"
      },
      {
        "url": "https://www.visithalfmoonbay.org/places/category/delicatessens/",
        "file": "_places_category_delicatessens.md"
      },
      {
        "url": "https://www.visithalfmoonbay.org/places/coastal-arts-league-gallery/",
        "file": "_places_coastal-arts-league-gallery.md"
      },
      {
        "url": "https://www.visithalfmoonbay.org/places/farmers-daughter/",
        "file": "_places_farmers-daughter.md"
      },
      {
        "url": "https://www.visithalfmoonbay.org/news",
        "file": "_news.md"
      },
      {
        "url": "https://www.visithalfmoonbay.org/places/pillar-point-harbor/",
        "file": "_places_pillar-point-harbor.md"
      },
      {
        "url": "https://www.visithalfmoonbay.org/articles/bike-california-coastal-trail-seaside-splendor",
        "file": "_articles_bike-california-coastal-trail-seaside-splendor.md"
      },
      {
        "url": "https://www.visithalfmoonbay.org/places/category/cocktails/",
        "file": "_places_category_cocktails.md"
      },
      {
        "url": "https://www.visithalfmoonbay.org/places/half-moon-bay-feed-and-fuel/",
        "file": "_places_half-moon-bay-feed-and-fuel.md"
      },
      {
        "url": "https://www.visithalfmoonbay.org/places/starbucks/",
        "file": "_places_starbucks.md"
      },
      {
        "url": "https://www.visithalfmoonbay.org/discover",
        "file": "_discover.md"
      },
      {
        "url": "https://www.visithalfmoonbay.org/places/junos-little-mercantile/",
        "file": "_places_junos-little-mercantile.md"
      },
      {
        "url": "https://www.visithalfmoonbay.org/places/fattoria-e-mare/",
        "file": "_places_fattoria-e-mare.md"
      },
      {
        "url": "https://www.visithalfmoonbay.org/places/jersey-joes-coastside/",
        "file": "_places_jersey-joes-coastside.md"
      },
      {
        "url": "https://www.visithalfmoonbay.org/events/edward-simon-trio/",
        "file": "_events_edward-simon-trio.md"
      },
      {
        "url": "https://www.visithalfmoonbay.org/places/category/seafood/",
        "file": "_places_category_seafood.md"
      },
      {
        "url": "https://www.visithalfmoonbay.org/places/gibraltar-gems/",
        "file": "_places_gibraltar-gems.md"
      },
      {
        "url": "https://www.visithalfmoonbay.org/register/",
        "file": "_register.md"
      },
      {
        "url": "https://www.visithalfmoonbay.org/places/miramar-beach-restaurant-bar/",
        "file": "_places_miramar-beach-restaurant-bar.md"
      },
      {
        "url": "https://www.visithalfmoonbay.org/places/category/indian/",
        "file": "_places_category_indian.md"
      },
      {
        "url": "https://www.visithalfmoonbay.org/places/half-moon-bay-kayak-company/",
        "file": "_places_half-moon-bay-kayak-company.md"
      },
      {
        "url": "https://www.visithalfmoonbay.org/places/blue-ocean-brewing/",
        "file": "_places_blue-ocean-brewing.md"
      },
      {
        "url": "https://www.visithalfmoonbay.org/places/burleigh-h-murray-ranch/",
        "file": "_places_burleigh-h-murray-ranch.md"
      },
      {
        "url": "https://www.visithalfmoonbay.org/places/occidental-hotel/",
        "file": "_places_occidental-hotel.md"
      },
      {
        "url": "https://www.visithalfmoonbay.org/places/category/japanese/",
        "file": "_places_category_japanese.md"
      },
      {
        "url": "https://www.visithalfmoonbay.org/events/ekep-nkwelle-quartet/",
        "file": "_events_ekep-nkwelle-quartet.md"
      },
      {
        "url": "https://www.visithalfmoonbay.org/places/abode/",
        "file": "_places_abode.md"
      },
      {
        "url": "https://www.visithalfmoonbay.org/places/mavericks-paddlesports/",
        "file": "_places_mavericks-paddlesports.md"
      },
      {
        "url": "https://www.visithalfmoonbay.org/places/surf-factory-3/",
        "file": "_places_surf-factory-3.md"
      },
      {
        "url": "https://www.visithalfmoonbay.org/places/sushi-on-main-street/",
        "file": "_places_sushi-on-main-street.md"
      },
      {
        "url": "https://www.visithalfmoonbay.org/places/sage-bakehouse/",
        "file": "_places_sage-bakehouse.md"
      },
      {
        "url": "https://www.visithalfmoonbay.org/stay/miramar-inn-and-suites/",
        "file": "_stay_miramar-inn-and-suites.md"
      },
      {
        "url": "https://www.visithalfmoonbay.org/events/category/live-music/",
        "file": "_events_category_live-music.md"
      },
      {
        "url": "https://www.visithalfmoonbay.org/places/reel-screamer-ii-fishing-charters/",
        "file": "_places_reel-screamer-ii-fishing-charters.md"
      },
      {
        "url": "https://www.visithalfmoonbay.org/events/sarah-mckenzie/",
        "file": "_events_sarah-mckenzie.md"
      },
      {
        "url": "https://www.visithalfmoonbay.org/stay/harbor-view-inn/",
        "file": "_stay_harbor-view-inn.md"
      },
      {
        "url": "https://www.visithalfmoonbay.org/events/mariah-parker-indo-latin-jazz-ensemble/",
        "file": "_events_mariah-parker-indo-latin-jazz-ensemble.md"
      },
      {
        "url": "https://www.visithalfmoonbay.org/places/goldworks/",
        "file": "_places_goldworks.md"
      },
      {
        "url": "https://www.visithalfmoonbay.org/stay/quality-inn-half-moon-bay/",
        "file": "_stay_quality-inn-half-moon-bay.md"
      },
      {
        "url": "https://www.visithalfmoonbay.org/places/cafe-capistrano-mayan-cuisine/",
        "file": "_places_cafe-capistrano-mayan-cuisine.md"
      },
      {
        "url": "https://www.visithalfmoonbay.org/places/fitzgerald-marine-reserve/",
        "file": "_places_fitzgerald-marine-reserve.md"
      },
      {
        "url": "https://www.visithalfmoonbay.org/places/harley-farms/",
        "file": "_places_harley-farms.md"
      },
      {
        "url": "https://www.visithalfmoonbay.org/places/eddie-andreini-sr-airfield/",
        "file": "_places_eddie-andreini-sr-airfield.md"
      },
      {
        "url": "https://www.visithalfmoonbay.org/places/small-town-sweets/",
        "file": "_places_small-town-sweets.md"
      },
      {
        "url": "https://www.visithalfmoonbay.org/places/nuance-fine-art/",
        "file": "_places_nuance-fine-art.md"
      },
      {
        "url": "https://www.visithalfmoonbay.org/meet",
        "file": "_meet.md"
      },
      {
        "url": "https://www.visithalfmoonbay.org/places/spice-me-thai-cuisine/",
        "file": "_places_spice-me-thai-cuisine.md"
      },
      {
        "url": "https://www.visithalfmoonbay.org/places/category/wine/",
        "file": "_places_category_wine.md"
      },
      {
        "url": "https://www.visithalfmoonbay.org/places/category/brewery/",
        "file": "_places_category_brewery.md"
      },
      {
        "url": "https://www.visithalfmoonbay.org/places/verrazzano-pizza/",
        "file": "_places_verrazzano-pizza.md"
      },
      {
        "url": "https://www.visithalfmoonbay.org/places/fengari-fiber-arts/",
        "file": "_places_fengari-fiber-arts.md"
      },
      {
        "url": "https://www.visithalfmoonbay.org/places/bobs-pumpkin-farm/",
        "file": "_places_bobs-pumpkin-farm.md"
      },
      {
        "url": "https://www.visithalfmoonbay.org/places/mavericks-crepe-cafe/",
        "file": "_places_mavericks-crepe-cafe.md"
      },
      {
        "url": "https://www.visithalfmoonbay.org/places/half-moon-flowers/",
        "file": "_places_half-moon-flowers.md"
      },
      {
        "url": "https://www.visithalfmoonbay.org/places/baskin-robbins/",
        "file": "_places_baskin-robbins.md"
      },
      {
        "url": "https://www.visithalfmoonbay.org/places/highway-1-fitness/",
        "file": "_places_highway-1-fitness.md"
      },
      {
        "url": "https://www.visithalfmoonbay.org/places/ride-half-moon-bay/",
        "file": "_places_ride-half-moon-bay.md"
      },
      {
        "url": "https://www.visithalfmoonbay.org/places/hop-dogma-brewing-company/",
        "file": "_places_hop-dogma-brewing-company.md"
      },
      {
        "url": "https://www.visithalfmoonbay.org/places/sams-cafe/",
        "file": "_places_sams-cafe.md"
      },
      {
        "url": "https://www.visithalfmoonbay.org/discover/surfers-beach",
        "file": "_discover_surfers-beach.md"
      },
      {
        "url": "https://www.visithalfmoonbay.org/stay/nantucket-whale-inn/",
        "file": "_stay_nantucket-whale-inn.md"
      },
      {
        "url": "https://www.visithalfmoonbay.org/places/jettywave-distillery/",
        "file": "_places_jettywave-distillery.md"
      },
      {
        "url": "https://www.visithalfmoonbay.org/places/bean-hollow-state-beach/",
        "file": "_places_bean-hollow-state-beach.md"
      },
      {
        "url": "https://www.visithalfmoonbay.org/places/the-ocean-terrace-at-the-ritz-carlton-half-moon-bay/",
        "file": "_places_the-ocean-terrace-at-the-ritz-carlton-half-moon-bay.md"
      },
      {
        "url": "https://www.visithalfmoonbay.org/places/art-by-jul/",
        "file": "_places_art-by-jul.md"
      },
      {
        "url": "https://www.visithalfmoonbay.org/places/pasta-moon/",
        "file": "_places_pasta-moon.md"
      },
      {
        "url": "https://www.visithalfmoonbay.org/places/jungletraders/",
        "file": "_places_jungletraders.md"
      },
      {
        "url": "https://www.visithalfmoonbay.org/places/cloud-9-foot-spa/",
        "file": "_places_cloud-9-foot-spa.md"
      },
      {
        "url": "https://www.visithalfmoonbay.org/places/caffe-mezza-luna/",
        "file": "_places_caffe-mezza-luna.md"
      },
      {
        "url": "https://www.visithalfmoonbay.org/places/half-moon-bay-art-glass/",
        "file": "_places_half-moon-bay-art-glass.md"
      },
      {
        "url": "https://www.visithalfmoonbay.org/places/duartes-tavern/",
        "file": "_places_duartes-tavern.md"
      },
      {
        "url": "https://www.visithalfmoonbay.org/places/aratas-pumpkin-farm/",
        "file": "_places_aratas-pumpkin-farm.md"
      },
      {
        "url": "https://www.visithalfmoonbay.org/places/cozzolino-christmas-trees/",
        "file": "_places_cozzolino-christmas-trees.md"
      },
      {
        "url": "https://www.visithalfmoonbay.org/places/baciami/",
        "file": "_places_baciami.md"
      },
      {
        "url": "https://www.visithalfmoonbay.org/press",
        "file": "_press.md"
      },
      {
        "url": "https://www.visithalfmoonbay.org/places/half-moon-bay-state-beach/",
        "file": "_places_half-moon-bay-state-beach.md"
      },
      {
        "url": "https://www.visithalfmoonbay.org/places/the-press/",
        "file": "_places_the-press.md"
      },
      {
        "url": "https://www.visithalfmoonbay.org/places/coastside-books/",
        "file": "_places_coastside-books.md"
      },
      {
        "url": "https://www.visithalfmoonbay.org/places/madrone-arts/",
        "file": "_places_madrone-arts.md"
      },
      {
        "url": "https://www.visithalfmoonbay.org/places/flying-fish-bar-and-grill/",
        "file": "_places_flying-fish-bar-and-grill.md"
      },
      {
        "url": "https://www.visithalfmoonbay.org/places/purisima-creek-redwoods-preserve/",
        "file": "_places_purisima-creek-redwoods-preserve.md"
      },
      {
        "url": "https://www.visithalfmoonbay.org/stay/seal-cove-inn/",
        "file": "_stay_seal-cove-inn.md"
      },
      {
        "url": "https://www.visithalfmoonbay.org/stay/ritz-carlton-half-moon-bay",
        "file": "_stay_ritz-carlton-half-moon-bay.md"
      },
      {
        "url": "https://www.visithalfmoonbay.org/places/harbor-pizza/",
        "file": "_places_harbor-pizza.md"
      },
      {
        "url": "https://www.visithalfmoonbay.org/places/rebyl-outpost/",
        "file": "_places_rebyl-outpost.md"
      },
      {
        "url": "https://www.visithalfmoonbay.org/events/ol-fashioned-4th-july-parade/",
        "file": "_events_ol-fashioned-4th-july-parade.md"
      },
      {
        "url": "https://www.visithalfmoonbay.org/places/silk-stone-gallery-2/",
        "file": "_places_silk-stone-gallery-2.md"
      },
      {
        "url": "https://www.visithalfmoonbay.org/places/foggy-clothing/",
        "file": "_places_foggy-clothing.md"
      },
      {
        "url": "https://www.visithalfmoonbay.org/places/mac-dutra-plaza",
        "file": "_places_mac-dutra-plaza.md"
      },
      {
        "url": "https://www.visithalfmoonbay.org/places/jupiter-and-main/",
        "file": "_places_jupiter-and-main.md"
      },
      {
        "url": "https://www.visithalfmoonbay.org/eat",
        "file": "_eat.md"
      },
      {
        "url": "https://www.visithalfmoonbay.org/places/thomas-fogarty-winery-vineyards/",
        "file": "_places_thomas-fogarty-winery-vineyards.md"
      }
    ],
    "dateDownloaded": "2026-01-23T13:27:12.265861"
  }
]